{"KLD Loss":7.206613540649414,"_timestamp":1.741444701771841e+09,"_wandb":{"runtime":264},"Validation Loss":0.16833046078681946,"_runtime":264.8512013,"loss_gen":0.04564970672130585,"scheduled_length":28,"loss_kld":0.4259461104869843,"loss_mot_rec":0.039071201384067535,"Movement Recon Loss":0.01805361919105053,"val_loss":0,"_step":72602,"loss_mov_rec":0.004448775202035904,"Motion Recon Loss":0.1142437756061554}