{"Movement Recon Loss":0.03235151618719101,"val_loss":0.07421423494815826,"_runtime":1108.1039138,"loss_mov_rec":0.0347048893943429,"KLD Loss":1.2485122680664062,"loss_gen":0.07374847505241633,"_timestamp":1.7414441545794926e+09,"_wandb":{"runtime":1108},"Validation Loss":0.0741553083062172,"loss_kld":1.005665420293808,"loss_mot_rec":0.02898693209514022,"Motion Recon Loss":0.029318667948246002,"_step":188106,"scheduled_length":49}